Year,Species,Michigan (MI),New York (NY),Ohio (OH),Pennsylvania (PA),U.S. Total,Canada (ONT),Grand Total
1867,Lake Whitefish,,,,,,971,971
1868,Lake Whitefish,,,,,,901,901
1869,Lake Whitefish,,,,,,211,211
1870,Lake Whitefish,,,,,,291,291
1871,Lake Whitefish,,,,,,65,65
1872,Lake Whitefish,,,,,,185,185
1873,Lake Whitefish,,,,,,248,248
1874,Lake Whitefish,,,,,,111,111
1875,Lake Whitefish,,,,,,126,126
1876,Lake Whitefish,,,,,,99,99
1877,Lake Whitefish,,,,,,141,141
1878,Lake Whitefish,,,,,,183,183
1879,Lake Whitefish,,,,,3334,203,3537
1880,Lake Whitefish,,,,,,206,206
1881,Lake Whitefish,,,,,,312,312
1882,Lake Whitefish,,,,,,284,284
1883,Lake Whitefish,,,,,,222,222
1884,Lake Whitefish,,,,,,230,230
1885,Lake Whitefish,133,30,1249,2120,3532,186,3718
1886,Lake Whitefish,,,,,,142,142
1887,Lake Whitefish,,,,,,333,333
1888,Lake Whitefish,,,,,,390,390
1889,Lake Whitefish,50,371,1743,1160,3324,306,3630
1890,Lake Whitefish,136,318,1130,758,2342,204,2546
1891,Lake Whitefish,144,,,,,350,350
1892,Lake Whitefish,143,,,,,312,312
1893,Lake Whitefish,61,,,,1292,256,1548
1894,Lake Whitefish,75,,,,,153,153
1895,Lake Whitefish,104,,,,,148,148
1896,Lake Whitefish,59,,,,,126,126
1897,Lake Whitefish,147,58,400,169,774,270,1044
1898,Lake Whitefish,108,,,,,245,245
1899,Lake Whitefish,315,172,1050,616,2153,431,2584
1900,Lake Whitefish,251,,,,,401,401
1901,Lake Whitefish,282,,,,,526,526
1902,Lake Whitefish,226,,,,,450,450
1903,Lake Whitefish,57,52,172,53,334,303,637
1904,Lake Whitefish,96,,,,,364,364
1905,Lake Whitefish,133,,,,,304,304
1906,Lake Whitefish,187,,,,,359,359
1907,Lake Whitefish,230,,,,,634,634
1908,Lake Whitefish,236,123,732,455,1546,826,2372
1909,Lake Whitefish,,,,,,2597,2597
1910,Lake Whitefish,,,,,,1384,1384
1911,Lake Whitefish,,,,,,1139,1139
1912,Lake Whitefish,341,,,,,2581,2581
1913,Lake Whitefish,411,16,246,836,,1980,1980
1914,Lake Whitefish,274,58,1205,596,2133,1993,4126
1915,Lake Whitefish,33,100,653,359,1145,1832,2977
1916,Lake Whitefish,107,123,683,18,931,1086,2017
1917,Lake Whitefish,187,164,1404,22,1777,1240,3017
1918,Lake Whitefish,227,159,1028,187,1601,1128,2729
1919,Lake Whitefish,69,94,1084,464,1711,1094,2805
1920,Lake Whitefish,36,89,934,367,1426,838,2264
1921,Lake Whitefish,14,98,321,490,923,967,1890
1922,Lake Whitefish,12,205,209,362,788,752,1540
1923,Lake Whitefish,0,234,188,67,489,536,1025
1924,Lake Whitefish,1,71,148,112,332,580,912
1925,Lake Whitefish,0,,300,,583,1033,1616
1926,Lake Whitefish,0,110,245,605,960,868,1828
1927,Lake Whitefish,,94,242,288,624,748,1372
1928,Lake Whitefish,1,156,415,402,974,988,1962
1929,Lake Whitefish,0,227,535,317,1079,1268,2347
1930,Lake Whitefish,1,169,597,755,1522,1088,2610
1931,Lake Whitefish,3,54,572,644,1273,1106,2379
1932,Lake Whitefish,19,195,507,447,1168,912,2080
1933,Lake Whitefish,4,132,197,664,997,710,1707
1934,Lake Whitefish,2,35,279,463,779,916,1695
1935,Lake Whitefish,2,29,477,487,995,1190,2185
1936,Lake Whitefish,1,23,330,804,1158,1768,2926
1937,Lake Whitefish,1,94,123,429,647,1401,2048
1938,Lake Whitefish,2,91,292,526,911,1002,1913
1939,Lake Whitefish,1,123,995,980,2099,2312,4411
1940,Lake Whitefish,2,433,643,1564,2642,3136,5778
1941,Lake Whitefish,7,409,808,1222,2446,3359,5805
1942,Lake Whitefish,4,417,717,786,1924,2524,4448
1943,Lake Whitefish,6,160,343,440,949,1481,2430
1944,Lake Whitefish,1,50,165,352,568,1259,1827
1945,Lake Whitefish,6,55,430,409,900,1689,2589
1946,Lake Whitefish,1,8,589,199,797,1932,2729
1947,Lake Whitefish,2,147,995,630,1774,2726,4500
1948,Lake Whitefish,9,302,1617,862,2790,3800,6590
1949,Lake Whitefish,,1013,737,1728,3478,3620,7098
1950,Lake Whitefish,1,155,603,846,1605,1390,2995
1951,Lake Whitefish,0,137,375,374,886,1130,2016
1952,Lake Whitefish,1,362,213,782,1358,1424,2782
1953,Lake Whitefish,,361,136,613,1110,1641,2751
1954,Lake Whitefish,0,96,145,146,387,556,943
1955,Lake Whitefish,0,70,118,186,374,399,773
1956,Lake Whitefish,,21,115,310,446,542,988
1957,Lake Whitefish,,138,125,491,754,536,1290
1958,Lake Whitefish,0,16,64,96,176,383,559
1959,Lake Whitefish,0,3,24,19,46,87,133
1960,Lake Whitefish,0,1,10,5,16,21,37
1961,Lake Whitefish,,0,4,2,6,9,15
1962,Lake Whitefish,,0,1,2,3,10,13
1963,Lake Whitefish,,0,1,6,7,11,18
1964,Lake Whitefish,,0,1,2,3,3,6
1965,Lake Whitefish,0,0,6,0,6,,6
1966,Lake Whitefish,0,0,2,1,3,6,9
1967,Lake Whitefish,0,,2,0,2,0,2
1968,Lake Whitefish,0,0,1,0,1,1,2
1969,Lake Whitefish,0,0,1,0,1,1,2
1970,Lake Whitefish,0,0,0,0,0,0,0
1971,Lake Whitefish,0,0,0,0,0,1,1
1972,Lake Whitefish,0,0,0,1,1,1,2
1973,Lake Whitefish,0,0,0,2,2,1,3
1974,Lake Whitefish,0,0,0,1,1,0,1
1975,Lake Whitefish,0,0,0,1,1,0,1
1976,Lake Whitefish,0,0,0,0,0,1,1
1977,Lake Whitefish,0,0,0,0,0,5,5
1978,Lake Whitefish,0,0,0,1,1,4,5
1979,Lake Whitefish,0,0,0,0,0,2,2
1980,Lake Whitefish,0,0,0,2,2,2,4
1981,Lake Whitefish,0,0,0,2,2,23,25
1982,Lake Whitefish,0,0,0,0,0,27,27
1983,Lake Whitefish,0,0,0,3,3,25,28
1984,Lake Whitefish,0,0,0,1,1,12,13
1985,Lake Whitefish,0,0,0,1,1,9,10
1986,Lake Whitefish,0,0,0,2,2,18,20
1987,Lake Whitefish,0,0,9,7,16,106,122
1988,Lake Whitefish,0,0,1,15,16,99,115
1989,Lake Whitefish,0,0,12,30,42,92,134
1990,Lake Whitefish,0,0,10,114,124,99,223
1991,Lake Whitefish,,0,33,299,332,302,634
1992,Lake Whitefish,,,46,182,228,416,644
1993,Lake Whitefish,,,90,282,372,399,771
1994,Lake Whitefish,,0,53,352,405,465,870
1995,Lake Whitefish,,0,41,183,224,705,929
1996,Lake Whitefish,,,51,0,51,633,684
1997,Lake Whitefish,,,27,2,29,645,674
1998,Lake Whitefish,,,42,3,45,1139,1184
1999,Lake Whitefish,,,48,1,49,1201,1250
2000,Lake Whitefish,,,41,0,41,1309,1350
2001,Lake Whitefish,,,48,,48,1148,1196
2002,Lake Whitefish,,7,0,,7,1050,1057
2003,Lake Whitefish,,,13,0,13,599,612
2004,Lake Whitefish,,,11,0,11,617,628
2005,Lake Whitefish,,5,1,,6,322,328
2006,Lake Whitefish,11,0,30,0,41,322,363
2007,Lake Whitefish,9,,42,1,51,875,926
2008,Lake Whitefish,,,83,1,84,954,1038
2009,Lake Whitefish,9,,288,0,298,816,1114
2010,Lake Whitefish,1,,83,0,84,600,684
2011,Lake Whitefish,4,,83,,87,530,617
2012,Lake Whitefish,6,,120,,126,215,341
2013,Lake Whitefish,,,64,,64,94,158
2014,Lake Whitefish,,,35,,35,113,148
2015,Lake Whitefish,0,,51,4,55,69,124
